{
  "games": 50,
  "nPlayers": 4,
  "ms": 3354,
  "gamesPerSec": 14.907573047107931,
  "results": [
    {
      "name": "search-lite",
      "firstRate": 0.82,
      "firsts": 41,
      "games": 50,
      "meanPlace": 2.77,
      "ci95": {
        "p": 0.82,
        "lo": 0.6920368054529739,
        "hi": 0.902299172675462
      }
    },
    {
      "name": "expert-genome",
      "firstRate": 0.18,
      "firsts": 9,
      "games": 50,
      "meanPlace": 3.73,
      "ci95": {
        "p": 0.18,
        "lo": 0.0977008273245379,
        "hi": 0.3079631945470261
      }
    }
  ]
}