{
  "generated": "2026-07-13T00:19:12Z",
  "protocol": {
    "freeze": "v90",
    "freezeDiff": "grandmaster",
    "liveDiff": "grandmaster",
    "seed": 20260711,
    "FREEZE_MS": 120,
    "FREEZE_ITERS": 80,
    "FREEZE_BR": 0,
    "FREEZE_EXACT": 0,
    "V8_MS": 160,
    "V8_ITERS": 130,
    "BR_TRIALS": 56,
    "EXACT": 1,
    "FL_ROOT": 0,
    "COMBAT_ROOT": 0,
    "DUAL_SELF": 0,
    "target": 0.7,
    "isolation": "tieng-len-probe-v91 workdirs (main search.js not edited for probes)"
  },
  "historical_ref": {
    "v91_vs_v90_final": "35/50 WR=0.70 FAIL (prior dual attempt)",
    "v91_vs_v90_rerun": "35/50 WR=0.70 FAIL"
  },
  "round1_n30": [
    {
      "name": "BASE",
      "liveWins": 23,
      "games": 30,
      "liveWinRate": 0.7666666666666667,
      "passed": true,
      "ms": 524890,
      "ci95": {
        "p": 0.7666666666666667,
        "lo": 0.5907132766967573,
        "hi": 0.8820776078949878
      },
      "checkpoints": [
        [
          10,
          8
        ],
        [
          20,
          17
        ],
        [
          30,
          23
        ]
      ],
      "flRoot": false,
      "combatRoot": false,
      "timeMs": 160,
      "brTrials": 56,
      "round": 1,
      "desc": "v9.1 baseline multiTie 0.004*min11, race 0.053, trash 0.015"
    },
    {
      "name": "MT",
      "liveWins": 23,
      "games": 30,
      "liveWinRate": 0.7666666666666667,
      "passed": true,
      "ms": 528920,
      "ci95": {
        "p": 0.7666666666666667,
        "lo": 0.5907132766967573,
        "hi": 0.8820776078949878
      },
      "checkpoints": [
        [
          10,
          8
        ],
        [
          20,
          17
        ],
        [
          30,
          23
        ]
      ],
      "flRoot": false,
      "combatRoot": false,
      "timeMs": 160,
      "brTrials": 56,
      "round": 1,
      "desc": "multiTie 0.005*min(12)"
    },
    {
      "name": "RACE",
      "liveWins": 23,
      "games": 30,
      "liveWinRate": 0.7666666666666667,
      "passed": true,
      "ms": 529317,
      "ci95": {
        "p": 0.7666666666666667,
        "lo": 0.5907132766967573,
        "hi": 0.8820776078949878
      },
      "checkpoints": [
        [
          10,
          8
        ],
        [
          20,
          17
        ],
        [
          30,
          23
        ]
      ],
      "flRoot": false,
      "combatRoot": false,
      "timeMs": 160,
      "brTrials": 56,
      "round": 1,
      "desc": "leafEval race 0.053\u21920.056"
    },
    {
      "name": "TRASH",
      "liveWins": 23,
      "games": 30,
      "liveWinRate": 0.7666666666666667,
      "passed": true,
      "ms": 524008,
      "ci95": {
        "p": 0.7666666666666667,
        "lo": 0.5907132766967573,
        "hi": 0.8820776078949878
      },
      "checkpoints": [
        [
          10,
          8
        ],
        [
          20,
          17
        ],
        [
          30,
          23
        ]
      ],
      "flRoot": false,
      "combatRoot": false,
      "timeMs": 160,
      "brTrials": 56,
      "round": 1,
      "desc": "trashCount weight 0.015\u21920.020 (leaf+fl soft)"
    },
    {
      "name": "FL_TRASH",
      "liveWins": 23,
      "games": 30,
      "liveWinRate": 0.7666666666666667,
      "passed": true,
      "ms": 527810,
      "ci95": {
        "p": 0.7666666666666667,
        "lo": 0.5907132766967573,
        "hi": 0.8820776078949878
      },
      "checkpoints": [
        [
          10,
          8
        ],
        [
          20,
          17
        ],
        [
          30,
          23
        ]
      ],
      "flRoot": false,
      "combatRoot": false,
      "timeMs": 160,
      "brTrials": 56,
      "round": 1,
      "desc": "aggressive free-lead trash shed (expertScore, candidates, hybrid soft)"
    },
    {
      "name": "COMBAT",
      "liveWins": 23,
      "games": 30,
      "liveWinRate": 0.7666666666666667,
      "passed": true,
      "ms": 459820,
      "ci95": {
        "p": 0.7666666666666667,
        "lo": 0.5907132766967573,
        "hi": 0.8820776078949878
      },
      "checkpoints": [
        [
          10,
          8
        ],
        [
          20,
          17
        ],
        [
          30,
          23
        ]
      ],
      "flRoot": false,
      "combatRoot": false,
      "timeMs": 160,
      "brTrials": 56,
      "round": 1,
      "desc": "expert pass discipline + combat soft root (roots off so soft inactive)"
    }
  ],
  "round2_n30": [
    {
      "name": "MB",
      "liveWins": 23,
      "games": 30,
      "liveWinRate": 0.7666666666666667,
      "passed": true,
      "ms": 521513,
      "ci95": {
        "p": 0.7666666666666667,
        "lo": 0.5907132766967573,
        "hi": 0.8820776078949878
      },
      "checkpoints": [
        [
          10,
          8
        ],
        [
          20,
          17
        ],
        [
          30,
          23
        ]
      ],
      "flRoot": false,
      "combatRoot": false,
      "timeMs": 160,
      "brTrials": 56,
      "round": 2,
      "desc": "strong multiBonus 0.028 + multiTie 0.012 + multi-win soft"
    },
    {
      "name": "EXACT",
      "liveWins": 23,
      "games": 30,
      "liveWinRate": 0.7666666666666667,
      "passed": true,
      "ms": 365016,
      "ci95": {
        "p": 0.7666666666666667,
        "lo": 0.5907132766967573,
        "hi": 0.8820776078949878
      },
      "checkpoints": [
        [
          10,
          8
        ],
        [
          20,
          17
        ],
        [
          30,
          23
        ]
      ],
      "flRoot": false,
      "combatRoot": false,
      "timeMs": 160,
      "brTrials": 56,
      "round": 2,
      "desc": "exactEndgame total\u226420 + wallclock abort + exactMs +50%"
    },
    {
      "name": "LOCK",
      "liveWins": 23,
      "games": 30,
      "liveWinRate": 0.7666666666666667,
      "passed": true,
      "ms": 519838,
      "ci95": {
        "p": 0.7666666666666667,
        "lo": 0.5907132766967573,
        "hi": 0.8820776078949878
      },
      "checkpoints": [
        [
          10,
          8
        ],
        [
          20,
          17
        ],
        [
          30,
          23
        ]
      ],
      "flRoot": false,
      "combatRoot": false,
      "timeMs": 160,
      "brTrials": 56,
      "round": 2,
      "desc": "stronger unanswerable lockBonus + mild race 0.055"
    },
    {
      "name": "TWO",
      "liveWins": 24,
      "games": 30,
      "liveWinRate": 0.8,
      "passed": true,
      "ms": 458546,
      "ci95": {
        "p": 0.8,
        "lo": 0.6269395261897257,
        "hi": 0.9049502189759876
      },
      "checkpoints": [
        [
          10,
          8
        ],
        [
          20,
          17
        ],
        [
          30,
          24
        ]
      ],
      "flRoot": false,
      "combatRoot": false,
      "timeMs": 160,
      "brTrials": 56,
      "round": 2,
      "desc": "broader 2-tempo vs mid tops + contest more / soft-pass rarer"
    },
    {
      "name": "TRASH_EARLY",
      "liveWins": 23,
      "games": 30,
      "liveWinRate": 0.7666666666666667,
      "passed": true,
      "ms": 575327,
      "ci95": {
        "p": 0.7666666666666667,
        "lo": 0.5907132766967573,
        "hi": 0.8820776078949878
      },
      "checkpoints": [
        [
          10,
          8
        ],
        [
          20,
          17
        ],
        [
          30,
          23
        ]
      ],
      "flRoot": false,
      "combatRoot": false,
      "timeMs": 160,
      "brTrials": 56,
      "round": 2,
      "desc": "freeLeadCandidates always trash + pickFreeLeadHard trash over high multi"
    },
    {
      "name": "ROOTS",
      "liveWins": 23,
      "games": 30,
      "liveWinRate": 0.7666666666666667,
      "passed": true,
      "ms": 518062,
      "ci95": {
        "p": 0.7666666666666667,
        "lo": 0.5907132766967573,
        "hi": 0.8820776078949878
      },