{
  "latest": {
    "games": 250,
    "v3Wins": 187,
    "v3WinRate": 0.748,
    "ci95": {
      "p": 0.748,
      "lo": 0.6907047090119511,
      "hi": 0.7977889027522357
    },
    "ms": 253930,
    "gps": 0.9845232938211318
  }
}