{
  "latest": {
    "games": 1000,
    "v4Wins": 808,
    "v4WinRate": 0.808,
    "ci95": {
      "p": 0.808,
      "lo": 0.7824270733559523,
      "hi": 0.8312155571148313
    },
    "ms": 4570912,
    "gps": 0.21877472154353442
  }
}