{
  "latest": {
    "games": 100,
    "v5Wins": 84,
    "v5WinRate": 0.84,
    "ci95": {
      "p": 0.84,
      "lo": 0.7557955544110558,
      "hi": 0.8990479765052628
    },
    "ms": 679343,
    "gps": 0.14720104571622877
  }
}