{
  "latest": {
    "games": 2,
    "v6Wins": 2,
    "v6WinRate": 1,
    "ci95": {
      "p": 1,
      "lo": 0.3423719528896193,
      "hi": 1
    },
    "ms": 3187,
    "gps": 0.627549419516787
  }
}