{
  "latest": {
    "games": 10,
    "v80Wins": 10,
    "v80WinRate": 1,
    "ci95": {
      "p": 1,
      "lo": 0.7224598312333834,
      "hi": 1
    },
    "ms": 57881,
    "gps": 0.1727682659249149
  }
}