{
  "handLenW": 20.05997918448557,
  "pairB": 8,
  "tripB": 11.36310553905663,
  "quadB": 2.9965045532623495,
  "seqB": 7.8949386304802935,
  "twoHold": 8.211316852691498,
  "isoHighPen": 2.369949977414188,
  "freeLeadB": 16.038403843607846,
  "leaderB": 12,
  "threat1": 11.179679284298999,
  "threat2": 8.189053480354383,
  "threat3": 21.228881711767098,
  "threat5": 3.719393906741558,
  "fewerCardsB": 2.8343756146486574,
  "oneCardFreeB": 119.7360125886978,
  "multiLeadB": 10.790383369615425,
  "shedLenB": 7.179340644467324,
  "topLeadCost": 1.2194013250501918,
  "twoLeadMid": 65.99851416656747,
  "twoLeadLate": 11.966436542570591,
  "singleHighPen": 4.493470224528135,
  "singleTwoLeadPen": 25.562337832019168,
  "lowMultiB": 1.3746740359492802,
  "afterLenCost": 1.0725063755008295,
  "beatTopCost": 0.5141848487081007,
  "beatLenCost": 0.14216198860501364,
  "twoBeatPen": 70,
  "bombBeatPen": 67.48728426498522,
  "bombVs2B": 26.012062777158558,
  "endgameShed": 1.7074880133372838,
  "endgameTwoUse": 18.812625146669333,
  "shortHandB": 0.07143752817403692,
  "passHandMin": 3,
  "passOppMin": 1,
  "passMargin": 0.19958160704001784,
  "winProbEdge": 0.03397662251235126,
  "gen": 1068,
  "id": "champion-evolved-g1068"
}