{
  "handLenW": 26.470077205332107,
  "pairB": 0.9572957431902778,
  "tripB": 8.985821395278196,
  "quadB": 2,
  "seqB": 9.897604561876506,
  "twoHold": 6.127353232610206,
  "isoHighPen": 4.088821997488943,
  "freeLeadB": 2.82406685781391,
  "leaderB": 5.97750230403759,
  "threat1": 45.62811729265377,
  "threat2": 40.31635698184352,
  "threat3": 15.385149400681257,
  "threat5": 9.518477507672925,
  "fewerCardsB": 3.0952244460761236,
  "oneCardFreeB": 20.203935117460787,
  "multiLeadB": 12.043097015248545,
  "shedLenB": 5.385670719564181,
  "topLeadCost": 0.9925793212605639,
  "twoLeadMid": 74.75203861482441,
  "twoLeadLate": 11.546375920928366,
  "singleHighPen": 6.400450794385115,
  "singleTwoLeadPen": 22.447939740020544,
  "lowMultiB": 15,
  "afterLenCost": 3.7473263276907463,
  "beatTopCost": 1.20639893747959,
  "beatLenCost": 0.7201957541270907,
  "twoBeatPen": 54.12057188080161,
  "bombBeatPen": 100,
  "bombVs2B": 38.95391392896458,
  "endgameShed": 3.1338908085807904,
  "endgameTwoUse": 2,
  "shortHandB": 9.034646550397119,
  "passHandMin": 5,
  "passOppMin": 3,
  "passMargin": 0.11530341365867183,
  "winProbEdge": 0.015184523900438602,
  "gen": 46800,
  "id": "champion-evolved-g46800"
}