{
  "protocol": "bc-action-v1",
  "stamped": "2026-07-15T23:47:47.417Z",
  "fdim": 28,
  "weights": [
    5.349887199912473e-15,
    3.4382219293860317e-15,
    3.6741443221188774e-15,
    3.788636071533347e-15,
    4.576200529626817e-15,
    4.433953204596719e-15,
    4.3662989890336235e-15,
    -1.0130785099704553e-15,
    2.2004967292765798e-15,
    1.214306433183765e-16,
    5.84601811404184e-16,
    -1.3877787807814457e-17,
    5.013866719867555,
    -3.3936451319771113,
    0.3614228605138103,
    -0.13501906698587515,
    0.6649706840828814,
    0.10236633657453928,
    -2.1615956519873785,
    -0.6365292289353001,
    0.15670856456075308,
    0.7938917282515082,
    1.8475245881105422,
    -5.0361350133941984,
    0.0269908989923898,
    -1.1499929886207074,
    -0.2565062526596155,
    -0.16200996597825942
  ],
  "acc": 0.5992544268406338,
  "n": 1073,
  "files": [
    "tienlen-playlogs-1784093993176.json"
  ]
}