{
  "protocol": "br-distill-v1",
  "stamped": "2026-07-16T02:29:13.927Z",
  "fdim": 28,
  "weights": [
    1.6692376647586826e-15,
    1.5785983631388945e-15,
    1.6511314884781747e-15,
    1.2435798918408736e-15,
    1.947010261349469e-15,
    7.798124125601991e-16,
    1.6176296413483726e-15,
    1.6692376647586826e-15,
    1.3513495877859327e-15,
    -7.168744764474155e-16,
    1.7650811368064012e-16,
    1.5525775109992423e-16,
    4.257391809195202,
    -6.304046952585345,
    -0.8808126873509332,
    0.3461383406390547,
    -0.21474255969869296,
    0.00038603901241776985,
    -2.266788829496309,
    -1.5506619743294834,
    0.17334977548169644,
    0.8319778412553444,
    2.812123187088786,
    -0.3786541814295051,
    0.3461383406390547,
    -0.21474255969869296,
    0.00038603901241776985,
    0
  ],
  "acc": 0.7126805778491172,
  "n": 623,
  "freeN": 623,
  "brTrials": 48,
  "chall": "p_l2s48"
}