{
  "protocol": "train-fl-distill-v1",
  "stamped": "2026-07-15T17:22:05.704Z",
  "fdim": 16,
  "weights": [
    -2.7660730325324403,
    1.2084875702545304,
    1.3054117078108836,
    2.6768858440104366,
    1.9082013268107514,
    0,
    -5.029246241579095,
    1.3958769768882087,
    -4.84056681323712,
    0.4799767644557345,
    2.2479033585585295,
    0.05151606308695178,
    1.1164198801500425,
    0.3549202408818961,
    -1.2195688614413815,
    1.3103706615302622
  ],
  "acc": 0.8901734104046243,
  "n": 519,
  "disagree": 0,
  "totalFL": 78,
  "teacher": 28,
  "student": 10,
  "chall": "p_l2s48"
}