{
  "protocol": "train-value-selfplay-v1",
  "stamped": "2026-07-15T14:25:51.717Z",
  "fdim": 13,
  "weights": [
    0.8503234040974521,
    -3.3435343246045957,
    1.7993910597625706,
    1.5239448516058443,
    1.498918287197218,
    -1.5733902432366538,
    -0.5738247461683523,
    0.36252840283139615,
    -0.5685483912107892,
    0.48779500126610614,
    0.7316934705641353,
    0.24029311865374992,
    -0.12166318512038916
  ],
  "acc": 0.6623558196434813,
  "n": 5722,
  "chall": "p_l2s9",
  "freeze": "v60",
  "log": [
    {
      "round": 0,
      "n": 5694,
      "acc": 0.652616789603091,
      "w": [
        0.6218669487938017,
        -1.86384050268411,
        1.0364653684354561,
        0.6465427536204388,
        1.437072977290235,
        -2.0675378713121804,
        -1.1850326244500375,
        0.07305567161596878,
        -0.46731414718600006,
        0.5488112771778595,
        0.5024345665203729,
        0.3174190128410041,
        -0.19798663056754742
      ]
    },
    {
      "round": 1,
      "n": 5655,
      "acc": 0.6622458001768347,
      "w": [
        0.7863479806682591,
        -3.106324270803214,
        0.7478387340852319,
        0.9441482696755645,
        1.7636203151628462,
        -1.6622101025843743,
        0.3167201845391128,
        0.09156419850112199,
        -0.5964313296821612,
        0.6947837821671743,
        1.060350791049217,
        0.2036218393803831,
        -0.47762464976130187
      ]
    },
    {
      "round": 2,
      "n": 5600,
      "acc": 0.6573214285714286,
      "w": [
        0.881714539923263,
        -2.055643997509652,
        0.9915617086560002,
        0.6852846722879874,
        1.6239753225692612,
        -2.2670012386223055,
        -1.0050834439222158,
        -0.09395473410261401,
        -0.5422986288412105,
        0.9756692740259315,
        0.9157417311861326,
        0.1236216635489853,
        -0.15764885481182614
      ]
    },
    {
      "round": 3,
      "n": 5722,
      "acc": 0.6623558196434813,
      "w": [
        0.8503234040974521,
        -3.3435343246045957,
        1.7993910597625706,
        1.5239448516058443,
        1.498918287197218,
        -1.5733902432366538,
        -0.5738247461683523,
        0.36252840283139615,
        -0.5685483912107892,
        0.48779500126610614,
        0.7316934705641353,
        0.24029311865374992,
        -0.12166318512038916
      ]
    }
  ]
}