{
  "protocol": "train-value-vs-v60-v1",
  "stamped": "2026-07-15T18:43:21.767Z",
  "fdim": 13,
  "weights": [
    0.714554829236158,
    -4.828387533451861,
    0.5625990042849146,
    1.0024234703756476,
    1.5788132812483433,
    -2.420145683236748,
    1.9532566176277366,
    -0.18282059241555162,
    -0.5432187258296617,
    0.8973754216516776,
    0.8203162814813731,
    0.160692664325652,
    -0.2664541165709004
  ],
  "acc": 0.6608648354636932,
  "n": 3677,
  "chall": "p_l2s48",
  "log": [
    {
      "round": 0,
      "n": 3759,
      "acc": 0.667730779462623
    },
    {
      "round": 1,
      "n": 3771,
      "acc": 0.6958366481039512
    },
    {
      "round": 2,
      "n": 3724,
      "acc": 0.6291621911922664
    },
    {
      "round": 3,
      "n": 3677,
      "acc": 0.6608648354636932
    }
  ]
}